Renault Magnum,$ 35 500,https://im.mashina.kg/tachka/images//2/0/d/20da9276cd6ff60c82470f2822e3dc26_240x180.jpg,"2011 г., 13 л., автомат,дизель,руль слева, 700 000 км"
Volvo FH,$ 50 000,https://im.mashina.kg/tachka/images//2/7/c/27cb563c348c088b671541884083408d_240x180.jpg,"2011 г., 13 л., автомат,дизель,руль слева"
Volvo FH,$ 21 500,https://im.mashina.kg/tachka/images//a/0/8/a080da64137c59b1b1b075e375f6b164_240x180.jpg,"2003 г., 12.1 л., автомат,дизель,руль слева"
Scania R,$ 48 000,https://im.mashina.kg/tachka/images//c/b/a/cbaf060a5707db2ebeeae56f117ce7e2_240x180.jpg,"2015 г., 12.8 л., автомат,дизель,руль слева, 850 000 км"
Scania 4-Series,$ 16 500,https://im.mashina.kg/tachka/images//d/2/2/d22e05efe3f93166098679bf52af45be_240x180.jpg,"2002 г., 12 л., механика,дизель,руль слева, 1 000 000 км"
Renault Premium,$ 44 000,https://im.mashina.kg/tachka/images//9/b/b/9bbe2129b36f4e61c496a29899b1b522_240x180.jpg,"2017 г., 13 л., робот,дизель,руль слева, 680 000 км"
Renault Magnum,$ 28 000,https://im.mashina.kg/tachka/images//5/4/5/545c55ba22a6f2575a010c1bf3d61700_240x180.jpg,"2007 г., 13 л., автомат,дизель,руль слева, 980 000 км"
DAF XF106 series,$ 37 000,https://im.mashina.kg/tachka/images//8/7/c/87c1c6daf16f6a120d0f944b5a68680f_240x180.jpg,"2015 г., 12 л., автомат,дизель,руль слева, 800 000 км"
Howo ZZ4257V3247N1H,$ 28 500,https://im.mashina.kg/tachka/images//1/e/a/1eaa5ffc0aac2de156e4a1ffdf41ad40_240x180.jpg,"2013 г., 10 л., механика,дизель,руль слева"
Mercedes-Benz 6x2,$ 16 000,https://im.mashina.kg/tachka/images//4/f/c/4fcabdf698694e292b81e0652de52dbe_240x180.jpg,"1997 г., 12 л., робот,дизель,руль слева"
Scania R,$ 21 500,https://im.mashina.kg/tachka/images//8/2/c/82c356022492386f6b70438453219c16_240x180.jpg,"1998 г., 4.6 л., автомат,дизель,руль слева, 1 000 000 км"
Scania R,$ 31 500,https://im.mashina.kg/tachka/images//a/6/1/a614f3d6916ea07c71738214530fddeb_240x180.jpg,"2013 г., 12 л., автомат,дизель,руль слева"
Volvo FH,$ 21 000,https://im.mashina.kg/tachka/images//b/9/5/b95fb187ed633bdb934b4eb9891d31b3_240x180.jpg,"1998 г., 1.2 л., механика,дизель,руль слева"
DAF 95 series,$ 23 000,https://im.mashina.kg/tachka/images//9/1/f/91f1756b8af9ef7ad76460ec5daeafe4_240x180.jpg,"2002 г., 11.5 л., автомат,дизель,руль слева"
DAF XF105 series,$ 29 000,https://im.mashina.kg/tachka/images//b/9/7/b97b433bdfa077d44527fc6c728dd853_240x180.jpg,"2010 г., 13 л., автомат,дизель,руль слева"
Howo ZZ4257S3241,$ 31 000,https://im.mashina.kg/tachka/images//2/d/4/2d4b8e1af5433a24cca2ba1b7ccb6515_240x180.jpg,"2017 г., 12 л., механика,дизель,руль слева"
DAF XF105 series,$ 30 000,https://im.mashina.kg/tachka/images//0/c/6/0c6e38db19b0f4990bd3a81dcb665468_240x180.jpg,"2011 г., 12 л., автомат,дизель,руль слева"
Volvo FH,$ 32 000,,"2012 г., 13 л., автомат,дизель,руль слева"
Volvo FH,$ 28 000,https://im.mashina.kg/tachka/images//9/8/4/984ffc9e83866c20033d4711d7c44eb8_240x180.jpg,"1999 г., 12 л., механика,дизель,руль слева"
Howo ZZ4327S3247C,$ 30 000,https://im.mashina.kg/tachka/images//8/9/1/891bedd1876fc4e9149162f2eda6668e_240x180.jpg,"2017 г., 12 л., механика,дизель,руль слева, 180 000 км"
DAF XF105 series,$ 36 000,https://im.mashina.kg/tachka/images//f/1/0/f10936132c0771029675b7adb2c73cbf_240x180.jpg,"2010 г., 12 л., автомат,дизель,руль слева, 880 000 км"
Renault Magnum,$ 43 000,https://im.mashina.kg/tachka/images//7/9/c/79cba4a88e5d88cf1d552ba3ea0adb95_240x180.jpg,"2012 г., 12.8 л., автомат,дизель,руль слева, 840 000 км"
Mercedes-Benz 4x2,$ 33 000,https://im.mashina.kg/tachka/images//c/4/8/c481d53e200b013bea7f02313bff84fd_240x180.jpg,"2003 г., 12 л., автомат,дизель,руль слева"
MAN TGA,$ 14 000,https://im.mashina.kg/tachka/images//f/2/d/f2d3b6b436adf241cff608d725c4c28f_240x180.jpg,"2004 г., 12 л., механика,дизель,руль слева, 700 000 км"
Scania 4-Series,$ 22 000,https://im.mashina.kg/tachka/images//7/b/1/7b144b1ddcbe4ac35da40ccae4e42c89_240x180.jpg,"2000 г., 5.3 л., механика,дизель,руль слева"
Volvo FH,$ 50 000,https://im.mashina.kg/tachka/images//9/d/6/9d6f92ba1c19dcef82dab2cf4aadb047_240x180.jpg,"2011 г., 13 л., автомат,дизель,руль слева"
DAF XF105 series,$ 32 500,https://im.mashina.kg/tachka/images//7/9/9/79935124ed2b4595abd3793d63505219_240x180.jpg,"2009 г., 12 л., автомат,дизель,руль слева, 900 000 км"
IVECO Stralis,$ 43 000,https://im.mashina.kg/tachka/images//9/9/a/99a0c01262735bc55f74e062f73c89bb_240x180.jpg,"2016 г., 11 л., автомат,дизель,руль слева, 448 000 км"
Renault Magnum,$ 14 000,https://im.mashina.kg/tachka/images//7/a/7/7a739e8fd415596db785548e57aba5f5_240x180.jpg,"2003 г., 12 л., механика,дизель,руль слева"
Volvo FH,$ 45 500,https://im.mashina.kg/tachka/images//f/9/c/f9c3dfc50e088cc3dcc6ff3fc8203b9e_240x180.jpg,"2011 г., 12.8 л., автомат,дизель,руль слева, 250 000 км"
Renault Magnum,$ 25 000,https://im.mashina.kg/tachka/images//5/a/e/5ae28daf8bd6871109e63baa8228ca35_240x180.jpg,"2013 г., 4.8 л., автомат,дизель,руль слева, 750 000 км"
DAF XF105 series,$ 49 000,https://im.mashina.kg/tachka/images//a/d/5/ad54af76d2b96a2d839e396b62c6c249_240x180.jpg,"2013 г., 5.1 л., механика,дизель,руль слева, 999 999 км"
Volvo FH,$ 60 000,https://im.mashina.kg/tachka/images//a/8/1/a81af2964a2f2fe08d8b290d48153adb_240x180.jpg,"2016 г., 5 л., робот,дизель,руль слева, 800 000 км"
DAF XF95 series,$ 18 000,https://im.mashina.kg/tachka/images//d/d/3/dd3fbf832e28cf289b12eca8c1a10aec_240x180.jpg,"2005 г., 12 л., механика,дизель,руль слева"
Volvo FH,$ 40 000,https://im.mashina.kg/tachka/images//e/7/4/e7498cfa433ba72a0af0082b964abab1_240x180.jpg,"2012 г., 6 л., механика,дизель,руль слева, 999 999 км"
DAF XF105 series,$ 32 500,https://im.mashina.kg/tachka/images//8/5/b/85bd9366151d30eefe2a958b3a5d02f6_240x180.jpg,"2013 г., 12.9 л., механика,дизель,руль слева, 500 000 км"
Volvo FH,$ 80 000,https://im.mashina.kg/tachka/images//c/0/3/c03803d1dc9c767dbe168d2d8a81c916_240x180.jpg,"2013 г., 13 л., автомат,дизель,руль слева, 1 000 000 км"
MAN TGA,$ 25 000,https://im.mashina.kg/tachka/images//1/9/1/1915c85f2cfc706f742babbfb0360d54_240x180.jpg,"2007 г., 10.5 л., автомат,дизель,руль слева"
Volvo FH,$ 55 000,https://im.mashina.kg/tachka/images//6/a/a/6aa001e8aef6f43142637934afb3f137_240x180.jpg,"2013 г., 12 л., автомат,дизель,руль слева, 960 000 км"
Scania R,$ 40 000,https://im.mashina.kg/tachka/images//8/5/c/85c5784662e214b11115b1e4090c20ef_240x180.jpg,"2011 г., 13 л., автомат,дизель,руль слева"
Volvo FH,$ 14 000,https://im.mashina.kg/tachka/images//b/1/f/b1f370d3ed0f618d04f265e039efe490_240x180.jpg,"1994 г., 12 л., механика,дизель,руль слева, 950 623 км"
Shacman F2000/F3000,$ 14 000,https://im.mashina.kg/tachka/images//b/c/b/bcbb549a5a4303ac52a535e727292032_240x180.jpg,"2007 г., 12 л., механика,дизель,руль слева, 777 777 км"
Mercedes-Benz 4x2,$ 22 500,https://im.mashina.kg/tachka/images//4/3/3/433890622d0b383b6d99ac76934fbf10_240x180.jpg,"2001 г., 12.5 л., робот,дизель,руль слева, 595 320 км"
DAF 95 series,$ 20 000,https://im.mashina.kg/tachka/images//e/e/2/ee2080151e624829e0ac1ed73d5a10e5_240x180.jpg,"2005 г., 12 л., автомат,дизель,руль слева"
DAF 95 series,$ 13 200,https://im.mashina.kg/tachka/images//8/8/c/88ca7b3a2edfa1e57cc8b8720d4f393c_240x180.jpg,"2002 г., 1 л., механика,дизель,руль слева"
Isuzu EXZ51 6X4,$ 90 000,https://im.mashina.kg/tachka/images//c/e/7/ce74d04b85036ac406f8ff72d5a4aa99_240x180.jpg,"2017 г., 11 л., механика,бензин,руль слева"
Renault Premium,$ 26 000,https://im.mashina.kg/tachka/images//7/5/8/758ddfcc474a1ae241c61b2d05841d98_240x180.jpg,"2012 г., 12 л., автомат,дизель,руль слева"
Freightliner Columbia,$ 13 000,https://im.mashina.kg/tachka/images//4/a/e/4ae48171b378c83aac1c6b6970427b1c_240x180.jpg,"2005 г., 14 л., механика,дизель,руль слева"
Volvo FH,$ 43 000,https://im.mashina.kg/tachka/images//7/b/8/7b8d63dc865a652a71a866c51b7e1953_240x180.jpg,"2011 г., 13 л., автомат,дизель,руль слева"
Volvo FH,$ 37 000,https://im.mashina.kg/tachka/images//2/1/a/21a32d831bb527118b2242a715e55c0b_240x180.jpg,"2010 г., 13 л., механика,дизель,руль слева"
Renault Magnum,$ 25 000,https://im.mashina.kg/tachka/images//1/d/a/1da438a1debd3179e97121f40bec2d3e_240x180.jpg,"2010 г., 12 л., автомат,дизель,руль слева, 747 000 км"
Shacman F2000/F3000,$ 13 000,https://im.mashina.kg/tachka/images//0/8/3/08354e50860d045a2932e8a8d940dda2_240x180.jpg,"2011 г., 12 л., механика,дизель,руль слева"
Volvo FH,$ 70 000,https://im.mashina.kg/tachka/images//b/d/f/bdf5549306a3b901e79d1f084af86ae9_240x180.jpg,"2012 г., 13 л., механика,дизель,руль слева, 950 000 км"
DAF XF105 series,$ 42 000,https://im.mashina.kg/tachka/images//c/2/b/c2b48f4f84c435431cb207860bf82162_240x180.jpg,"2013 г., 12 л., автомат,дизель,руль слева, 899 000 км"
DAF XF105 series,$ 27 500,https://im.mashina.kg/tachka/images//7/b/5/7b5d4063f5b94092b84280d6e4a8e70a_240x180.jpg,"2011 г., 1 л., автомат,дизель,руль слева, 100 000 км"
DAF 95 series,$ 18 000,https://im.mashina.kg/tachka/images//7/a/5/7a51fb1ef00865824e8d46707edb81b5_240x180.jpg,"2006 г., 10 л., автомат,бензин,руль слева"
Shacman F2000/F3000,$ 18 500,https://im.mashina.kg/tachka/images//7/8/6/786e2804a92ef53d4f27a6bb1c86c94b_240x180.jpg,"2012 г., 12 л., механика,дизель,руль слева, 600 000 км"
Freightliner Century Class S/T,$ 13 000,https://im.mashina.kg/tachka/images//7/0/6/706eb58a65e9eedcd7974d2e42e78f38_240x180.jpg,"1999 г., 15 л., механика,дизель,руль слева, 1 000 000 км"
Renault Premium,$ 68 000,https://im.mashina.kg/tachka/images//6/0/c/60c80950acea35ebcd8a20f414998afc_240x180.jpg,"2015 г., 11 л., автомат,дизель,руль слева"
DAF 95 series,$ 10 000,https://im.mashina.kg/tachka/images//9/3/6/9363e82ec8a1f35fc1f6f495becda225_240x180.jpg,"1997 г., 12 л., механика,дизель,руль слева"
Volvo FH,$ 14 000,https://im.mashina.kg/tachka/images//7/9/7/797453ee675b7b72185b8e7c4f7beb9b_240x180.jpg,"1998 г., 13 л., механика,дизель,руль слева"
Volvo FH,$ 21 500,https://im.mashina.kg/tachka/images//a/4/0/a40af2621c4a18cd94ba92f9752fd240_240x180.jpg,"2000 г., 12.6 л., механика,дизель,руль слева, 1 000 000 км"
Mercedes-Benz 4x2,$ 33 000,https://im.mashina.kg/tachka/images//6/a/1/6a1db9aa15a0e305e3e6c9a74a5074ce_240x180.jpg,"2015 г., 12 л., автомат,дизель,руль слева, 900 000 км"
Volvo FE,$ 50 000,https://im.mashina.kg/tachka/images//f/d/b/fdb296e14408bda3fc47d78e3e7831e4_240x180.jpg,"2010 г., 6 л., автомат,дизель,руль слева"
DAF XF106 series,$ 58 000,https://im.mashina.kg/tachka/images//f/2/5/f25b4f92d7fab9e4dd67402d12bb395b_240x180.jpg,"2018 г., 12 л., автомат,дизель,руль слева, 653 000 км"
Renault Magnum,$ 35 000,https://im.mashina.kg/tachka/images//d/1/3/d1323a17358a8ae7797f6c2df5c9de74_240x180.jpg,"2009 г., 5 л., автомат,дизель,руль слева"
Volvo FH,$ 19 000,https://im.mashina.kg/tachka/images//e/5/7/e57e4b502e874aba0e033acf4c8b1674_240x180.jpg,"1999 г., 4 л., механика,дизель,руль слева, 100 000 км"
Volvo FH,$ 31 000,https://im.mashina.kg/tachka/images//2/9/6/296a046d57de635000b240c6031c7949_240x180.jpg,"2003 г., 12 л., механика,дизель,руль слева"
Scania R,$ 17 000,https://im.mashina.kg/tachka/images//9/f/a/9fa1513c45de6ccdc51cd0b189086770_240x180.jpg,"2005 г., 12 л., механика,дизель,руль слева"
MAN 26,$ 11 000,https://im.mashina.kg/tachka/images//1/f/a/1fa7d009a9281add56fcbb05d9ca30b6_240x180.jpg,"1999 г., 12 л., механика,дизель,руль слева, 147 000 км"
Volvo FH,$ 27 800,https://im.mashina.kg/tachka/images//1/3/6/136763ac4a7066dc14031dcb1649f0c2_240x180.jpg,"2007 г., 12 л., автомат,дизель,руль слева, 150 000 км"
Volvo FH,$ 47 000,https://im.mashina.kg/tachka/images//1/3/e/13e08928820de0d15eb1200e49e74b3b_240x180.jpg,"2014 г., 12 л., автомат,дизель,руль слева, 625 000 км"
Volvo FH,$ 38 500,https://im.mashina.kg/tachka/images//a/3/f/a3fead72d6ef1f3b3496d3e99ccaf094_240x180.jpg,"2007 г., 13 л., автомат,дизель,руль слева"
DAF XF95 series,$ 35 000,https://im.mashina.kg/tachka/images//5/b/a/5bae098e76183f14ea1f8b7ad90d19a1_240x180.jpg,"2005 г., 12 л., механика,дизель,руль слева, 830 000 км"
FAW CA4250,$ 14 500,https://im.mashina.kg/tachka/images//c/8/3/c8359bbb40e683d3a814ff98eca6dc91_240x180.jpg,"2016 г., 11 л., механика,дизель,руль слева"
Renault Premium,$ 37 000,https://im.mashina.kg/tachka/images//7/f/0/7f0c38755faa235d90dcd4d7b4fd7200_240x180.jpg,"2012 г., 11 л., автомат,дизель,руль слева"
DAF XF105 series,$ 29 000,https://im.mashina.kg/tachka/images//2/d/6/2d65f17e2005e1dee5701850c241c43c_240x180.jpg,"2012 г., 13 л., механика,дизель,руль слева"
Volvo FH,$ 35 000,https://im.mashina.kg/tachka/images//7/8/f/78f9d2fc15e3b5c4b4d4b2882ea96c74_240x180.jpg,"2010 г., 13 л., автомат,дизель,руль слева"
Volvo FH,$ 11 000,https://im.mashina.kg/tachka/images//e/3/4/e3471b7a66ba7d4378889287c41bf0e5_240x180.jpg,"2001 г., 12 л., механика,дизель,руль слева, 900 000 км"
Volvo FH,$ 20 000,https://im.mashina.kg/tachka/images//8/d/1/8d1f35f3c9eda6f93dc5ecf841fbeb2e_240x180.jpg,"2000 г., 12 л., механика,дизель,руль слева, 800 000 км"
Volvo FH,$ 80 000,https://im.mashina.kg/tachka/images//1/5/9/159fcfeae77202e71c5851e2a866c78a_240x180.jpg,"2013 г., 13 л., автомат,дизель,руль слева"
Volvo FH,$ 15 000,,"1996 г., 12 л., механика,дизель,руль слева"
Scania 4-Series,$ 20 000,https://im.mashina.kg/tachka/images//0/c/4/0c4cf1ba3a5bcd1ce7abd7d090a82c03_240x180.jpg,"1998 г., 14 л., механика,дизель,руль слева, 700 000 км"
Scania 4-Series,$ 18 000,https://im.mashina.kg/tachka/images//8/c/4/8c42800847955efaa4e1d7db11643e58_240x180.jpg,"1997 г., 10 л., механика,дизель,руль слева"
Volvo FH,$ 50 000,https://im.mashina.kg/tachka/images//e/0/2/e021f13057ba9f366d7b6f196fc3c4db_240x180.jpg,"2012 г., 12 л., автомат,дизель,руль слева"
Volvo FH,$ 18 000,https://im.mashina.kg/tachka/images//8/f/a/8fa5bd59c640e22ba8eaaa7175458b34_240x180.jpg,"2000 г., 12 л., механика,дизель,руль слева"
Volvo FH,$ 15 000,https://im.mashina.kg/tachka/images//4/d/c/4dcf8bbb4cd99d0acbbc3c50161cb732_240x180.jpg,"1995 г., 10 л., механика,дизель,руль слева"
Volvo FH,$ 52 000,https://im.mashina.kg/tachka/images//0/8/8/08898ff61c1a85744019cb6b6f8c4326_240x180.jpg,"2012 г., 13 л., автомат,дизель,руль слева"
DAF XF106 series,$ 53 000,https://im.mashina.kg/tachka/images//e/b/0/eb0dea1fa8865f8f9b5116859ba52187_240x180.jpg,"2015 г., 12 л., автомат,дизель,руль слева"
Volvo FM,$ 28 000,https://im.mashina.kg/tachka/images//0/3/f/03f7eaa64b52fac280359f51df84aa46_240x180.jpg,"2005 г., 12 л., автомат,дизель,руль слева"
DAF XF105 series,$ 39 999,https://im.mashina.kg/tachka/images//3/3/3/3337a8f0c1f918c0b499d485811e5669_240x180.jpg,"2011 г., 12 л., механика,дизель,руль слева"
Volvo FH,$ 19 990,https://im.mashina.kg/tachka/images//e/c/e/ececbc2e1fab3ff3d568e7d6d672a12d_240x180.jpg,"1999 г., 12 л., механика,дизель,руль слева"
Daewoo M2TSF,$ 2 636,https://im.mashina.kg/tachka/images//3/3/3/333a89f1277eba40ee4447fbb1cba0a4_240x180.jpg,"2011 г., 11 л., механика,гибрид,руль слева"
DAF 95 series,$ 17 000,https://im.mashina.kg/tachka/images//a/3/9/a3909f2595c121878bd4c0715d4a87ac_240x180.jpg,"2000 г., 12 л., механика,дизель,руль слева"
Volvo FM,$ 29 000,https://im.mashina.kg/tachka/images//1/9/5/195dfbed782b9c7e486e5e43247a9166_240x180.jpg,"2007 г., 12 л., автомат,дизель,руль слева, 89 000 км"
Volvo FH,$ 28 000,https://im.mashina.kg/tachka/images//f/5/a/f5a8d8d2b147ec77ae134c5941fd3ff2_240x180.jpg,"2001 г., 6 л., механика,дизель,руль слева, 250 000 км"
Volvo FH,$ 55 000,https://im.mashina.kg/tachka/images//7/f/f/7ff4359ba73625b42f0bcc50ad2baff5_240x180.jpg,"2016 г., 13 л., автомат,дизель,руль слева, 10 000 км"
DAF XF105 series,$ 25 999,https://im.mashina.kg/tachka/images//6/e/5/6e5a4b081869ba007ac63fc2ccab0d35_240x180.jpg,"2011 г., 13 л., автомат,дизель,руль слева, 12 000 км"
Volvo FH,$ 36 000,https://im.mashina.kg/tachka/images//2/5/6/256e0b1a1c08bb03f17886cf055c7f0b_240x180.jpg,"2009 г., 13 л., автомат,дизель,руль слева"
DAF XF105 series,$ 30 000,https://im.mashina.kg/tachka/images//d/e/9/de995f5f9abcf12ea87f4f5f185bcc54_240x180.jpg,"2010 г., 13 л., автомат,дизель,руль слева, 1 000 км"
Volvo FH,$ 32 000,https://im.mashina.kg/tachka/images//c/e/c/cecb6261bbc7ef41c97f57394356bcdc_240x180.jpg,"2008 г., 12 л., автомат,дизель,руль слева, 180 000 км"
DAF 95 series,$ 23 000,https://im.mashina.kg/tachka/images//9/a/0/9a06afc726d92a027518a976bc0f6690_240x180.jpg,"1998 г., 12 л., механика,дизель,руль слева, 475 770 км"
MAN 26,$ 9 000,https://im.mashina.kg/tachka/images//e/f/e/efe0f65008be5fac0828f1483d1a9d20_240x180.jpg,"2000 г., 12 л., механика,дизель,руль слева"
MAN TGS,$ 21 500,https://im.mashina.kg/tachka/images//0/e/f/0ef54a16962bddf41a98912c113d009d_240x180.jpg,"2001 г., 18 л., механика,дизель,руль слева, 777 888 км"
DAF 95 series,$ 15 000,https://im.mashina.kg/tachka/images//6/1/f/61fe9dab4b338f85eabce3b44e52b18e_240x180.jpg,"2002 г., 12 л., механика,дизель,руль слева"
DongFeng DFL - Series,$ 15 000,https://im.mashina.kg/tachka/images//4/0/8/40889b5889ce24aacb616b5a15b0502c_240x180.jpg,"2013 г., 8.9 л., механика,дизель,руль слева, 95 000 км"
Renault Magnum,$ 18 000,https://im.mashina.kg/tachka/images//e/e/9/ee908a8332cf8ae144fe85d2e9749d60_240x180.jpg,"2008 г., 13 л., автомат,дизель,руль слева"
Volvo FH,$ 63 000,https://im.mashina.kg/tachka/images//5/8/3/583700cb0d8d5a74495fd037b6ef1f1d_240x180.jpg,"2016 г., 4.6 л., автомат,дизель,руль слева, 800 000 км"
MAN TGX,$ 34 000,https://im.mashina.kg/tachka/images//e/7/2/e72445493249d570770f9c85acc2a7a1_240x180.jpg,"2012 г., 12 л., автомат,дизель,руль слева"
DAF 95 series,$ 15 500,https://im.mashina.kg/tachka/images//d/7/b/d7b0723bf8c5a942fdd2520e8ac28f58_240x180.jpg,"2000 г., 12 л., механика,дизель,руль слева, 800 000 км"
DAF 95 series,$ 20 000,https://im.mashina.kg/tachka/images//c/9/e/c9ed62a196cb0aac66c16d304c24d876_240x180.jpg,"2005 г., 12 л., автомат,дизель,руль слева, 1 000 000 км"
DAF 95 series,$ 5 000,https://im.mashina.kg/tachka/images//3/a/0/3a0779e7706a78fd644df9ecb1f0c989_240x180.jpg,"1992 г., 12 л., механика,дизель,руль слева, 1 000 000 км"
DAF XF105 series,$ 30 000,,"2009 г., 15 л., автомат,дизель,руль слева, 1 000 000 км"
Renault Kerax,$ 25 000,https://im.mashina.kg/tachka/images//3/5/5/3556d4d7b2c02ccc096a801a95a1c74c_240x180.jpg,"2004 г., 11.6 л., механика,дизель,руль слева"
MAN TGA,$ 20 000,https://im.mashina.kg/tachka/images//f/5/8/f5800556551a22024e7b73859817f157_240x180.jpg,"2013 г., 6.3 л., механика,дизель,руль слева"
DAF XF105 series,$ 28 500,https://im.mashina.kg/tachka/images//9/c/6/9c6632d275efdd8295ecb09c420f865f_240x180.jpg,"2012 г., 12 л., автомат,дизель,руль слева, 795 000 км"
IVECO EuroStar,$ 8 387,https://im.mashina.kg/tachka/images//c/a/1/ca1d157be5e6520787ca49695354b549_240x180.jpg,"2002 г., 12 л., механика,дизель,руль слева, 1 000 км"
Mercedes-Benz 4x4,$ 15 000,https://im.mashina.kg/tachka/images//d/b/7/db72b63086bf8c4f2a7fdbd5d0fdb69b_240x180.jpg,"1998 г., 2 л., автомат,дизель,руль слева, 856 000 км"
DAF XF106 series,$ 35 000,https://im.mashina.kg/tachka/images//8/b/7/8b75f74ce68acc4464703a96c909a692_240x180.jpg,"2015 г., 5 л., автомат,дизель,руль слева, 930 000 км"
Volvo VNL,$ 25 000,https://im.mashina.kg/tachka/images//1/b/c/1bc00987725bbdf21d0da74c91602314_240x180.jpg,"2005 г., 15 л., механика,дизель,руль слева, 1 000 000 км"
DAF XF95 series,$ 29 000,https://im.mashina.kg/tachka/images//4/a/c/4ac554f86722d11de97a755bd6ba8533_240x180.jpg,"2006 г., 12 л., механика,дизель,руль слева, 255 555 км"
Volvo FH,$ 22 000,https://im.mashina.kg/tachka/images//2/7/7/2777e3162ecffa8596611f94048a7922_240x180.jpg,"2001 г., 1.2 л., механика,дизель,руль слева"
Renault Premium,$ 40 000,https://im.mashina.kg/tachka/images//e/b/6/eb6f8a059ea05ef1b0a53b924244bc37_240x180.jpg,"2014 г., 11 л., автомат,дизель,руль слева, 800 000 км"
Volvo FH,$ 38 000,https://im.mashina.kg/tachka/images//a/2/f/a2f2bb347b876e8483b1d1d9afbcad03_240x180.jpg,"2011 г., 13 л., автомат,дизель,руль слева, 1 000 км"
Volvo FM,$ 40 000,https://im.mashina.kg/tachka/images//6/7/d/67d1b96a0109e39af727534cc943605e_240x180.jpg,"2010 г., 10.8 л., автомат,дизель,руль слева, 800 000 км"
DAF 95 series,$ 28 000,https://im.mashina.kg/tachka/images//2/b/2/2b2657d4783a8bcc8540287387f600a0_240x180.jpg,"2005 г., 12 л., механика,дизель,руль слева"
DAF XF106 series,$ 35 000,https://im.mashina.kg/tachka/images//3/9/0/3903060b4c5ef3c048375588caca0388_240x180.jpg,"2014 г., 13 л., автомат,дизель,руль слева, 850 000 км"
Howo ZZ4187N3511V,$ 45 000,https://im.mashina.kg/tachka/images//2/c/2/2c21b3877eeed74192551b6c75abc1fa_240x180.jpg,"2020 г., 10 л., механика,дизель,руль слева, 5 000 км"
Volvo FH,$ 29 000,https://im.mashina.kg/tachka/images//f/6/4/f645a028fb81ec1b5e92bd827c5f7cd8_240x180.jpg,"2005 г., 12 л., механика,дизель,руль слева, 120 000 км"
Volvo FH,$ 84 500,https://im.mashina.kg/tachka/images//7/f/4/7f4601c0831a63190af1ce7ef3366d36_240x180.jpg,"2013 г., 13 л., автомат,дизель,руль слева, 1 000 000 км"
Shacman F2000/F3000,$ 16 000,https://im.mashina.kg/tachka/images//d/9/4/d94caa7286898f08198e9ace53ada39d_240x180.jpg,"2008 г., 8 л., механика,дизель,руль слева"
Volvo FH,$ 25 000,https://im.mashina.kg/tachka/images//5/b/c/5bc937ddbe1366dd4c7b40789668b603_240x180.jpg,"1999 г., 4 л., механика,дизель,руль слева"
Howo ZZ4187N3511V,$ 11 000,https://im.mashina.kg/tachka/images//2/6/0/2602d0a84f266c8f21bbadcde528c500_240x180.jpg,"2011 г., 3 л., механика,дизель,руль слева"
Renault Magnum,$ 13 499,https://im.mashina.kg/tachka/images//e/5/2/e52dc728705fde860bf74a6735a84a1e_240x180.jpg,"2000 г., 12 л., механика,дизель,руль слева"
Volvo FH,$ 52 000,https://im.mashina.kg/tachka/images//e/2/1/e21367fed4cc3aeb820646e231f8934d_240x180.jpg,"2016 г., 12 л., автомат,дизель,руль слева, 830 000 км"
DAF XF95 series,$ 30 000,https://im.mashina.kg/tachka/images//1/f/8/1f8928d58cb5c4710b4ef6c3fd66fdf4_240x180.jpg,"2002 г., 10 л., механика,дизель,руль слева"
Renault Magnum,$ 13 000,https://im.mashina.kg/tachka/images//5/e/c/5ec7361d45ae34f26b738371eb3554de_240x180.jpg,"2004 г., 12 л., механика,дизель,руль слева, 800 000 км"
Volvo FH,$ 55 000,https://im.mashina.kg/tachka/images//3/a/f/3af596a19696111a5fddb4d90daaf9ac_240x180.jpg,"2015 г., 13 л., автомат,дизель,руль слева"
Volvo FM,$ 33 000,https://im.mashina.kg/tachka/images//f/8/e/f8eae809aa30150855073aae74c7c763_240x180.jpg,"2005 г., 12 л., механика,дизель,руль слева, 268 536 км"
Scania 4-Series,$ 15 000,,"2003 г., 3 л., механика,дизель,руль слева, 800 000 км"
DAF XF105 series,$ 36 000,https://im.mashina.kg/tachka/images//e/8/6/e86bd7cf95424a8af413740d616c118e_240x180.jpg,"2012 г., 12.9 л., автомат,дизель,руль слева, 700 000 км"
Shacman F2000/F3000,$ 20 000,https://im.mashina.kg/tachka/images//8/e/6/8e6970f2cc9b27ced87d366ff2da9b50_240x180.jpg,"2017 г., 10 л., механика,дизель,руль слева, 65 000 км"
Volvo FH,$ 30 000,https://im.mashina.kg/tachka/images//5/6/9/5690f73039fe0a11a92edb0c9af5ab7c_240x180.jpg,"2007 г., 12 л., механика,дизель,руль слева"
Volvo FH,$ 25 000,https://im.mashina.kg/tachka/images//c/b/c/cbc86dbf70a44513924fd1669f1304ca_240x180.jpg,"2000 г., 4 л., механика,дизель,руль слева, 1 000 000 км"
Volvo FH,$ 25 000,https://im.mashina.kg/tachka/images//e/d/6/ed661c73b2839a0696eae7e8ff369b68_240x180.jpg,"2005 г., 12 л., автомат,дизель,руль слева"
Howo ZZ4327V3247P,$ 20 000,https://im.mashina.kg/tachka/images//6/f/0/6f09edcad1b9755cb61911d842ce389e_240x180.jpg,"2007 г., 10 л., механика,дизель,руль слева"
Volvo FH,$ 18 000,https://im.mashina.kg/tachka/images//1/0/4/104203151e448318a041e53a981b42dd_240x180.jpg,"1998 г., 12 л., механика,дизель,руль слева, 100 000 км"
DAF XF106 series,$ 40 000,https://im.mashina.kg/tachka/images//9/0/3/903a8bf9fbb301907a782bd58b44e4d6_240x180.jpg,"2014 г., 12 л., автомат,дизель,руль слева, 850 000 км"
DAF 95 series,$ 16 000,https://im.mashina.kg/tachka/images//d/b/d/dbda5b7f003a0853302f1010165a3dd5_240x180.jpg,"2000 г., 4 л., механика,дизель,руль слева"
Howo ZZ4187N3511V,$ 31 000,https://im.mashina.kg/tachka/images//a/f/3/af34d50db15781ba6966773b2246b189_240x180.jpg,"2014 г., 12 л., механика,дизель,руль слева"
DAF XF105 series,$ 28 000,https://im.mashina.kg/tachka/images//1/2/6/1263012ca01dd067610d0d40120b8134_240x180.jpg,"2010 г., 4.6 л., автомат,дизель,руль слева, 1 000 000 км"
Renault Magnum,$ 25 000,https://im.mashina.kg/tachka/images//8/7/e/87ef0c6de8d578ec7247288b7880abf2_240x180.jpg,"2006 г., 12 л., механика,дизель,руль слева"
Shacman F2000/F3000,$ 14 000,https://im.mashina.kg/tachka/images//c/a/5/ca57509114d449651da8a1f2da7ca6c4_240x180.jpg,"2012 г., 10 л., механика,дизель,руль слева, 150 000 км"
Scania R,$ 44 000,https://im.mashina.kg/tachka/images//2/a/a/2aab18a4b4ca588654420184188b68c8_240x180.jpg,"2011 г., 6 л., автомат,дизель,руль слева"
Volvo FH,$ 37 000,https://im.mashina.kg/tachka/images//5/f/1/5f1f01830b0dcfb6b6275e05601339a0_240x180.jpg,"2011 г., 13 л., автомат,дизель,руль слева, 780 000 км"
DAF XF95 series,$ 22 000,https://im.mashina.kg/tachka/images//8/3/5/835e68b70f88f4df8578326aa6cf9c3d_240x180.jpg,"2002 г., 13 л., механика,дизель,руль слева"
Volvo FH,$ 36 000,https://im.mashina.kg/tachka/images//3/6/7/3677ec6b741a05e233cf058eff917347_240x180.jpg,"2011 г., 12 л., автомат,дизель,руль слева"
Volvo FH,$ 18 900,https://im.mashina.kg/tachka/images//a/3/5/a353dffc8fdcc91631468a36f2cd67a3_240x180.jpg,"2001 г., 12.8 л., механика,дизель,руль слева, 300 000 км"
Volvo FH,$ 30 000,,"2002 г., 12 л., механика,дизель,руль слева, 950 000 км"
Mercedes-Benz 4x2,$ 20 500,https://im.mashina.kg/tachka/images//1/4/8/1485dd26e7c14bffbf21066a9bee93e0_240x180.jpg,"2003 г., 12 л., механика,дизель,руль слева, 877 777 км"
Renault Premium,$ 24 000,https://im.mashina.kg/tachka/images//2/1/8/218c7602e8a5e9a7ea91c8fd9defc7bb_240x180.jpg,"2004 г., 12 л., механика,дизель,руль слева, 850 000 км"
Volvo FH,$ 34 000,https://im.mashina.kg/tachka/images//5/d/8/5d8081eb6c9c319f5d053f0855c13ccf_240x180.jpg,"2008 г., 12 л., механика,дизель,руль слева, 850 000 км"
DAF 95 series,$ 12 000,https://im.mashina.kg/tachka/images//6/e/e/6eee6edb7ab74d66915ceeac52518ddc_240x180.jpg,"2000 г., 12 л., механика,дизель,руль слева"
MAN 33,$ 15 000,https://im.mashina.kg/tachka/images//3/7/b/37b7933d424d63871df52797611058f3_240x180.jpg,"2000 г., 12 л., механика,дизель,руль слева, 700 000 км"
Mercedes-Benz 4x2,$ 65 000,https://im.mashina.kg/tachka/images//2/5/5/255e1bf191731056dabfcb00fbf05bdd_240x180.jpg,"2015 г., 13 л., автомат,дизель,руль слева, 560 000 км"
Volvo FH,$ 32 000,https://im.mashina.kg/tachka/images//1/0/d/10d5e83c217378761926215ada5954d9_240x180.jpg,"2008 г., 4.4 л., механика,дизель,руль слева, 1 000 000 км"
Volvo FH,$ 20 000,https://im.mashina.kg/tachka/images//4/3/d/43d325d24c05546ad422ee17f13e719e_240x180.jpg,"1997 г., 12 л., механика,дизель,руль слева"
Volvo FH,$ 28 000,https://im.mashina.kg/tachka/images//7/8/7/787b89d5c9d42b7ac092f7993bdf0cfb_240x180.jpg,"2005 г., 12 л., механика,дизель,руль слева, 250 000 км"
КамАЗ 6460,$ 72 969,https://im.mashina.kg/tachka/images//1/d/5/1d5dff5c2f0a731611543084b26efaab_240x180.jpg,"2022 г., 11.8 л., механика,дизель,руль слева, 3 000 км"
Scania G,$ 25 000,https://im.mashina.kg/tachka/images//0/9/9/09959f4e4c22e47f262eda7dd5afdf97_240x180.jpg,"2002 г., 15 л., механика,дизель,руль слева"
Renault Magnum,$ 22 500,https://im.mashina.kg/tachka/images//8/a/5/8a5d8a702b39817ef0d7432167fb6c52_240x180.jpg,"2008 г., 12 л., механика,дизель,руль слева"
Volvo FM,$ 21 000,https://im.mashina.kg/tachka/images//7/d/1/7d11ff962beff6838580e350462666ec_240x180.jpg,"1999 г., 12 л., механика,дизель,руль слева"
DAF 95 series,$ 23 000,https://im.mashina.kg/tachka/images//a/9/c/a9c34faa0b7d0e137dea9bc3c4265b8b_240x180.jpg,"2002 г., 12 л., механика,дизель,руль слева"
Volvo FH,$ 22 000,https://im.mashina.kg/tachka/images//f/b/5/fb5246f74028e13823c002be290bd1ff_240x180.jpg,"2001 г., 12 л., механика,дизель,руль слева, 1 000 000 км"
Renault Magnum,$ 35 000,https://im.mashina.kg/tachka/images//3/9/b/39ba2a483b934566a9997a64de2f6590_240x180.jpg,"2011 г., 12 л., автомат,дизель,руль слева, 739 458 км"
Kenworth T2000,$ 13 000,https://im.mashina.kg/tachka/images//1/a/8/1a8e8a71d51547d5a53ae46cf26fdedb_240x180.jpg,"2002 г., 15 л., механика,дизель,руль слева"
Volvo FH,$ 16 500,https://im.mashina.kg/tachka/images//6/c/5/6c58044e9d0694f963ceb750f5d73bbe_240x180.jpg,"1996 г., 12 л., механика,дизель,руль слева, 800 000 км"
Scania R,$ 27 000,https://im.mashina.kg/tachka/images//4/9/2/492c0600d0ad5bbb3a62cd5fb5f8e3b6_240x180.jpg,"2006 г., 16 л., механика,дизель,руль слева"
DAF XF95 series,$ 35 000,https://im.mashina.kg/tachka/images//3/a/c/3ac61be01260a0114c370ae47d662755_240x180.jpg,"2005 г., 12 л., автомат,дизель,руль слева"
Scania R,$ 23 000,https://im.mashina.kg/tachka/images//0/2/8/028317b3f63f68889df15875a9fd94c9_240x180.jpg,"2004 г., 1 л., автомат,дизель,руль слева, 999 999 км"
Renault Manager,$ 14 000,https://im.mashina.kg/tachka/images//7/4/8/7483c4dca8c4a7b267807f44747d5484_240x180.jpg,"2003 г., 12 л., механика,дизель,руль слева"
MAN TGX,$ 34 000,https://im.mashina.kg/tachka/images//6/7/6/6762fde24e6d2f90c536ae796c5d3da0_240x180.jpg,"2013 г., 10 л., автомат,дизель,руль слева, 640 000 км"
Scania R,$ 25 000,https://im.mashina.kg/tachka/images//1/b/3/1b34e7598db75a7c1c8eef0ae59aa122_240x180.jpg,"2004 г., 12 л., автомат,дизель,руль слева"
